{
  "vv_mean": -8.898491988035397,
  "vv_std": 2.9765172198894283,
  "vh_mean": -14.845814510578363,
  "vh_std": 2.8775555073837418,
  "rvi_mean": 0.866671000498678,
  "rvi_std": 0.3643604366723572,
  "num_chips_used": 9271,
  "num_pixels_per_channel": {
    "ch0": 3593857522,
    "ch1": 3593857522,
    "ch2": 3593857522
  }
}